CharacterName,Class,Lev,StageIdx,PositionX,PositionY
player1,4,150,101001010,-1103,-9700
player2,2,9,101001010,-1242,2851
player3,4,11,101001010,-4096,-3447
player4,2,9,101005010,6693.4,-350.157
player5,4,11,101003010,1428.46,11139.5
player6,3,28,101003040,-355.666,-4499.94
player7,3,8,101003010,-15971.2,4612.36
player8,5,11,101003030,-4704.84,-7273.65
player9,4,20,101003030,-16284.9,-7885.02
player10,2,21,101004040,-12365.5,9843.12
player11,1,100,101003030,-7388.5,-21878.3
player12,4,11,101001010,-1606.74,4362.92
player13,1,1,100002010,-1810,290
player14,1,2,100002010,-14838.6,-11359.9
player15,1,20,103003010,-16720.3,-12973.1
player16,2,22,100002020,54.1301,3492.65
player17,1,9,100002010,-3312.09,-3064.56
player18,5,7,101003010,-370.312,20984
player19,5,10,101003010,15170.6,-14917.2
player20,5,1,100002010,8701.09,-9984.18
player21,2,120,101003030,-16888.3,-14776
player22,3,14,101003030,-17383.1,-11976.1
player23,2,99,201003010,-1190.98,10327.6
player24,3,3,100002010,-1795.95,5724.92
player25,2,11,101003010,-2378.81,-8722.14
player26,3,2,100002010,-12741.4,-10818.7
player27,1,11,101003010,214.798,-16236.2
player28,3,20,100002020,-145.875,-10806.2
player29,2,1,100002010,-996.618,-2344.71
player30,5,17,101004010,6366.01,-7989.79
player31,1,12,101003030,-3934.48,-29353.1
player32,1,7,101003010,21541.1,17268.1
player33,1,50,100002020,790,-11320
player34,2,7,101003010,-370.582,20984.2
player35,1,20,101003030,4438.84,-31326.2
player36,4,100,101003010,-2334.05,17834.7
player37,1,9,101005010,7544.44,-2942.41
player38,2,14,101003010,-2040,17950
player39,3,12,100002020,790,-11320
player40,1,4,100002010,3283.42,-4164.59
player41,3,13,101005040,4052.41,-2154.42
player42,1,100,101004020,-7089.7,7116.45
player43,2,1,100002010,5372.75,10174.8
player44,5,9,900000000,-2830.69,-19982.3
player45,2,24,102003010,-3417.55,-19863
player46,1,14,101003030,-14614.7,-22355.9
player47,4,60,101003030,-7548.14,-30953.9
player48,3,4,100002012,2850,-3920
player49,1,70,101003010,18285,16501.3
player50,4,1,100002010,2820,-3750
player51,5,1,100002010,-1810,290
player52,1,3,100002010,-6529.43,-11001.8
player53,4,1,100002010,2820,-3750
player54,4,1,100002010,2820,-3750
player55,4,1,100002010,2820,-3750
player56,4,1,100002010,2820,-3750
player57,3,4,100002012,-1550.3,-3256.06
player58,4,1,100002010,2820,-3750
player59,4,13,900000000,-8377.65,-13771.9
player60,2,9,101003010,-2090.94,-8852.62
player61,1,50,101003030,3839.02,-30790.4
player62,1,1,100002010,-1810,290
player63,1,1,100002010,8642.43,-10375.7
player64,1,10,101003010,15171.4,-14917.9
player65,4,1,100002010,2186.12,6046.71
player66,2,4,100002012,3642.86,-2626.25
player67,1,16,101001010,-2572.4,3632.54
player68,2,15,101003030,-7202.88,-21844.3
player69,3,16,101004020,15127.2,-9810.99
player70,4,25,102003010,-15715.9,-30124.6
player71,5,30,103003010,-14169.2,-2421.29
player72,5,1,100002010,2580.24,9643.93
player73,2,100,101003030,-7513.37,-30352
player74,5,3,100002010,8569.52,11569.7
player75,1,21,101003030,3367.25,-27974.9
player76,1,60,101003030,-17303.1,-14403.6
player77,1,10,101003010,20880.7,-27724.2
player78,4,100,101003010,14780.8,-14104
player79,3,21,101003040,-5136.55,-3201.24
player80,1,20,101003010,4688.57,-4524.98
player81,3,1,100002012,3596.89,-2642.65
player82,4,2,100002010,7629.45,9903.78
player83,3,1,100002010,9017.17,-9354.54
player84,4,50,101005040,3545.31,3693.07
player85,1,1,101003010,-15405.4,19628.7
player86,1,1,100002010,6398.31,10631.2
player87,2,3,100002010,3460,-4120
player88,5,1,100002010,-1810,290
player89,1,1,100002010,10073.4,-7145.07
player90,1,1,100002010,-1810,290
player91,1,31,101003010,-17119.4,-4023.95
player92,1,1,100002010,-1290.2,6589.1
player93,3,2,100002010,-14127.5,-11249.7
player94,5,1,100002010,-1810,290
player95,2,30,100002010,-1015.49,-25.2121
player96,5,18,101004020,-17254.6,10724.7
player97,2,2,100002010,-14950.8,-11497.4
player98,3,40,101001010,-1666.78,1131.88
player99,1,18,101003010,12733.5,1185.45
player100,2,10,101003010,-17346,-9569.39
player101,3,65,101003030,-5043.78,-33534.6
player102,2,60,102004040,9033.43,-14099.6
player103,1,60,101003030,-15702.2,-15808.7
player104,3,1,100002012,2850,-3920
player105,3,1,100002010,-1810,290
player106,1,60,103003010,-15630,7599.81
player107,1,18,101004020,-12189.1,4129.09
player108,3,100,101003030,-22360.9,-13508.8
player109,5,11,101003030,-7107.46,-32094
player110,4,3,101003010,1530.95,-6720.04
player111,2,19,101003030,12361.3,-42135.1
player112,4,50,101003010,1536.55,-7199.61
player113,3,1,100002010,-1810,290
player114,3,1,100002010,90.9255,319.644
player115,4,2,100002010,-12762.7,-11545.8
player116,1,50,101005040,3321.62,2040.75
player117,4,6,101003010,-16448.9,17797.9
player118,5,7,101003010,-2009.02,17455.8
player119,3,1,100002010,-1147.59,-345.242
player120,2,1,100002010,10330,-6740
player121,3,99,101004010,-21037.1,2520.56
player122,4,7,101003010,-3763.08,17266.7
player123,2,4,100002010,3040,-3752
player124,3,1,100002010,10330,-6740
player125,1,1,100002010,10330,-6740
player126,3,1,100002010,10330,-6740
player127,3,50,201003030,3269.35,643.403
player128,2,1,100002010,378.072,-773.567
player129,5,40,101003010,-7877.55,-16801.5
player130,4,3,100002010,-1437.24,6055.28
player131,4,60,100002020,432.953,4735.79
player132,3,1,100002010,-1810,290
player133,4,20,100002020,1563.6,6528.44
player134,5,7,101003010,7137.54,6624.62
player135,5,9,101003010,-6869.92,5150.67
player136,4,13,101005040,-1298.32,-3167.32
player137,2,3,100002010,-9940.75,-5673.74
player138,2,8,101003010,-1338.09,5772.29
player139,5,7,101003010,17665.5,19382.8
player140,4,6,101003010,-7322.48,19221.5
player141,2,7,101003010,18138.5,18168.6
player142,1,4,100002020,-2314.27,-10260.1
player143,1,5,100002020,-95.0195,5819.95
player144,4,5,100002020,-4141.47,-9615.5
player145,1,28,101001010,-1550,-4110
player146,1,1,100002010,2820,-3750
player147,2,1,100002010,4068.36,8697.96
player148,3,4,100002010,4237.56,-2255.79
player149,2,12,101003020,-1792.9,-923.657
player150,4,8,101003010,-15713.6,2021.45
player151,5,25,102003010,-6661.48,-13754.2
player152,2,1,100002010,5776.2,-7270.35
player153,3,3,100002010,3154.38,-2182.25
player154,2,9,101003010,9743.21,-2548.81
player155,5,1,100002010,7363.11,9757.17
player156,2,1,100002010,10330,-6740
player157,3,7,101003010,-368.651,20981
player158,1,3,100002010,1758.36,9751.07
player159,1,2,100002010,682.697,-2540.45
player160,1,24,102003010,-3248.56,-20399.7
player161,4,1,100002010,10330,-6740
player162,4,2,100002010,-4233.72,-5361.33
player163,1,23,101004020,-8249.96,-3772.15
player164,5,7,101003010,19059.6,15144.9
player165,5,11,101003010,-6963.23,-19198.1
player166,4,3,100002010,-7465.06,-11708.9
player167,1,30,101001010,-1128.29,1083.09
player168,5,1,102004010,-15798.5,-18225.8
player169,1,1,100002010,2820,-3750
player170,3,4,100002010,3076.19,-3680.36
player171,4,4,100002012,-4618.34,1703.93
player172,1,2,100002010,-14854.8,-11416.8
player173,4,2,100002010,-13726,-10863.5
player174,4,4,100002020,-4303.14,-9768.03
player175,1,7,103003010,-16646.2,-12917.9
player176,1,50,103003020,-10115,-8890
player177,2,4,100002012,-7418.39,8876.85
player178,3,24,102003010,-16292.7,-18699.1
player179,5,5,100002020,-1604.76,3177.69
player180,2,1,100002010,3136.98,9173.53
player181,3,11,101003010,16780.7,-5995.95
player182,1,30,100002010,8584.81,-10644.8
player183,2,1,100002010,-787.114,-2489.53
player184,3,1,101003040,-2824.6,-4074.52
player185,3,101,101003030,-4928.98,-24335.7
player186,3,50,101003010,-10195.1,3293.25
player187,3,4,100002012,-260.735,-2649.58
player188,1,5,100002012,-1153.02,-3000.62
player189,1,4,100002010,7640.26,7383.33
player190,1,20,101003010,21505.7,-24124.2
player191,1,20,101003010,-17437.2,20614
player192,1,20,101003010,3600,12220
player193,2,20,101003010,-2254.26,18536.2
player194,2,20,101003010,-516.348,20776
player195,2,20,101003010,-562.922,21035
player196,3,20,101003010,-13775.5,17732.1
player197,1,20,101003010,16210.1,19273.2
player198,3,20,101003010,-16778.7,19806.7
player199,3,20,101003010,18957.9,4093.2
player200,5,11,102003010,-3157.55,-20690.8
player201,3,100,101003030,769.955,-13014.2
player202,5,3,100002010,-967.203,12178.8
player203,1,15,101003010,-78.1063,22795.4
player204,3,1,100002010,10330,-6740
player205,4,1,100002010,10330,-6740
player206,3,60,100002010,10330,-6740
player207,4,4,100002010,-1305.36,7458.82
player208,3,1,100002010,10330,-6740
player209,4,1,100002010,10330,-6740
player210,4,1,100002010,2820,-3750
player211,1,23,100002010,10219.4,-6916.11
player212,1,1,100002010,2820,-3750
player213,2,4,101003030,1203.13,-12988.6
player214,2,1,100002010,10330,-6740
player215,5,30,100002010,9666.92,-7010.78
player216,2,1,100002010,10330,-6740
player217,1,60,201003010,-15935,7711.16
player218,2,1,100002010,10330,-6740
player219,2,1,100002010,10330,-6740
player220,5,60,100002020,-842.669,-13144.1
player221,1,1,100002010,10330,-6740
player222,4,30,101005040,4215.38,-6985.38
player223,1,1,100002010,-1810,290
player224,2,1,100002010,10330,-6740
player225,1,1,100002010,-1552.14,125.615
player226,4,1,100002010,11050.4,-6457.15
player227,1,1,100002010,7929.87,-9535.95
player228,1,1,100002010,10404.7,-6575.1
player229,1,1,100002010,10024.2,-6425.98
player230,2,1,100002010,10625.4,-6959.5
player231,3,1,100002010,9551.89,-7527.64
player232,1,1,100002010,10351.6,-6898.59
player233,1,1,100002010,-518,12230
player234,5,1,100002010,10330,-6740
player235,2,1,100002010,2820,-3750
player236,1,2,101003030,-6427.66,-28815
player237,1,80,101003010,1350.82,-6565.06
player238,4,1,101004010,-21088.8,2457.84
player239,1,101,101003010,1113.2,-5428.14
player240,3,1,100002010,1532.97,4786.13
player241,1,1,100002010,2820,-3750
player242,1,1,100002010,9333.23,-9437.18
player243,1,1,100002010,2820,-3750
player244,3,1,100002010,2820,-3750
player245,2,1,100002010,-1810,290
player246,1,30,100002020,-1408.54,-4597.03
player247,4,1,100002010,10330,-6740
player248,1,31,102004040,-4852.33,-2480.4
player249,5,10,101003010,19646.5,-24160.9
player250,4,26,101003030,-16284.9,-7885.02
player251,5,25,101003010,-2400.78,17896.9
player252,3,1,100002010,2820,-3750
player253,5,14,101003010,-2040,17950
player254,2,1,100002010,-1810,290
player255,3,19,101003030,-1046.49,-34448.2
player256,1,1,100002010,-1810,290
player257,4,11,101003010,-2423.55,-8753.08
player258,2,24,101004040,-13026.9,8743.01
player259,3,19,101004020,-7236.74,6531.84
player260,4,21,201003010,-18433.4,17516.8
player261,2,23,101004040,-11129,6566.41
player262,4,14,101005040,5564.25,-877.774
player263,3,14,101005040,3683.76,4374.92
player264,4,12,101003020,-3092.01,-3271.23
player265,5,20,101003030,4818.36,-32426.5
player266,1,20,101003010,-18305.5,-10829.9
player267,5,2,100002010,-14843.4,-11296.5
player268,5,25,201003010,6264.1,-11424.4
player269,1,22,101004030,-13881.5,8608.77
player270,1,27,101003030,-29748.5,-30473.8
player271,1,1,100002010,2820,-3750
player272,4,14,101005040,5780,-620
player273,1,30,101005010,65.6219,2366.66
player274,2,4,100002012,-1525.17,188.937
player275,3,5,100002020,-788.398,-9875.36
player276,4,2,101003010,-3395.23,19640.1
player277,3,6,101003010,12633.3,18130.3
player278,1,30,100002010,10330,-6740
player279,2,30,101003010,-7682.75,-6975.61
player280,5,10,101003010,22381.5,4986.64
player281,1,1,100002010,10330,-6740
player282,1,30,101003010,18980.1,19109.5
player283,1,30,101003010,12032.8,17373.2
player284,2,30,101003010,5084.52,9225.79
player285,3,30,101003010,-348,21159
player286,4,30,101003010,3100.76,19534.8
player287,5,30,101003010,-1340.41,20144
player288,3,10,101003010,22399.6,-26782.3
player289,3,6,101003010,-4807.99,19772.6
player290,3,30,101003010,-314.356,20823.9
player291,2,15,101003020,3057.2,4101.28
player292,1,11,101003030,-5887.73,-32416.6
player293,2,30,101001010,-1898.79,3809.19
player294,4,30,101003010,4703.74,11074
player295,3,30,100002020,790,-11320
player296,1,29,101003030,-18218.3,-27222.4
player297,5,30,101003010,-2307.98,-8747.48
player298,4,30,101003010,3600,12220
player299,5,30,101003010,-580.205,21012.2
player300,1,1,100002010,4152.64,-4407.83
player301,1,20,101003010,-6078.15,-9114.57
player302,2,8,101003010,6985.46,9467.36
player303,3,21,201003010,-15822.4,5482.27
player304,2,13,101005040,-1240,-3000
player305,1,25,101003010,10843.4,-4433.75
player306,5,50,100002010,3071.63,-1955.56
player307,3,15,101003030,-3677.56,-25319.7
player308,2,9,101003010,-535.953,-8134.87
player309,4,5,100002020,-944.8,-1296.94
player310,2,12,101003020,2139.98,-3034.18
player311,4,1,100002020,-1170.17,528.237
player312,1,1,100002010,10330,-6740
player313,5,1,100002010,10330,-6740
player314,1,100,101003010,2964.91,-3323.57
player315,2,1,100002010,10330,-6740
player316,1,100,100002010,10330,-6740
player317,1,100,101003010,10069.9,17695.6
player318,2,1,100002010,10330,-6740
player319,2,99,101003030,12284,-42539
player320,1,2,100002010,650,-2610
player321,4,1,100002020,-956.664,-1296.1
player322,1,2,100002010,-14832.9,-11383.3
player323,1,1,101003010,-7328.12,19208.2
player324,5,6,101003010,151.84,-7835.38
player325,4,1,100002020,-956.336,-1301.36
player326,5,6,101003010,18455.2,18737
player327,3,8,101003010,3303.43,-4864.58
player328,4,1,100002012,-8485.75,3689.84
player329,1,1,100002010,-8616.9,3696.71
player330,4,100,101003010,-2330.96,17820.5
player331,1,100,101003010,706.146,-7456.78
player332,2,13,101005040,5780,-620
player333,2,15,100002020,996.36,4952.6
player334,2,88,101003010,26.3384,-2861.08
player335,5,1,100002010,-1810,290
player336,1,100,101003010,-3156.19,-8985.05
player337,2,1,100002010,8638.58,-10383.4
player338,4,1,100002010,136.842,-1399.36
player339,2,20,101003010,17342.1,16066.6
player340,4,15,101001010,-6125.58,-884.179
player341,2,1,100002010,8644.02,-10372.5
player342,5,1,100002010,4157.34,-4714.63
player343,3,3,100002010,143.131,4515.51
player344,3,1,100002010,-8672.06,3533.78
player345,3,10,101003010,861.561,-2726.73
player346,4,1,101003010,7317.6,-13894.5
player347,4,1,100002010,2888.02,8028.16
player348,3,2,100002010,-5598.14,-2598.44
player349,2,14,101003010,6788.23,-11442.3
player350,2,30,100002010,10330,-6740
player351,1,30,101001010,2130,-4200
player352,4,100,101003010,22382.8,-26772.5
player353,1,100,100002010,8642.61,-10375.4
player354,1,1,100002010,10330,-6740
player355,2,1,100002010,2820,-3750
player356,2,100,201003010,-14413,6206.86
player357,3,30,101003030,884.471,-13367
player358,1,2,100002010,-169.367,-7959.18
player359,1,1,900000000,-8472.26,-13824.6
player360,1,8,101003010,-18049,20435.1
player361,2,13,101003020,-2226.37,3368.85
player362,3,15,100002010,10330,-6740
player363,2,22,101004030,-11800.5,10415.8
player364,3,9,101005010,6600.89,-2629.8
player365,4,11,101001010,-2568.94,3635.27
player366,1,2,100002010,7494.69,9798.3
player367,4,10,101003010,19895,-6982
player368,1,1,100002010,2820,-3750
player369,1,1,100002010,10330,-6740
player370,3,2,100002010,-8418.19,-12799
player371,1,1,100002010,2740.79,907.949
player372,2,3,100002020,-1204.88,-8432.22
player373,2,9,101003010,-16754.5,-12175.9
player374,2,1,100002010,2820,-3750
player375,5,4,100002012,-7400.45,6536.23
player376,3,3,100002010,-6576.09,-11557.8
player377,3,1,100002020,790,-11320
player378,4,1,100002010,-1125.04,-394.175
player379,5,1,100002010,-1153.08,-107.394
player380,5,1,100002010,10330,-6740
player381,4,3,100002010,-5054.76,-10726.6
player382,1,2,100002010,-1469.12,-3527.04
player383,3,1,100002010,7097.77,-10463.4
player384,2,1,100002010,941.342,10877.5
player385,3,2,100002010,-401.684,-662.906
player386,4,6,101003010,-15420.5,20709.3
player387,4,11,101001010,-401.679,1531.89
player388,1,21,101003030,4564.61,-7440.03
player389,3,4,100002010,4056.56,-4114.26
player390,2,2,100002010,-712.036,-2703.7
player391,1,1,100002010,2688.31,6296.93
player392,4,1,100002010,-1810,290
player393,3,4,100002020,-1109.92,-10795.6
player394,4,25,102004010,-13334.8,51.9002
player395,4,3,100002010,148.261,4506.44
player396,1,1,100002010,10330,-6740
player397,5,1,100002010,2820,-3750
player398,5,1,100002010,10330,-6740
player399,1,99,100002010,8906.57,-8875.4
player400,2,33,101003030,812.326,-13273.4
player401,1,50,102004070,8910.36,-1121.44
player402,5,2,100002010,7632.33,9709.97
player403,2,3,100002020,989.605,-11660.1
player404,5,1,100002010,10330,-6740
player405,2,1,100002020,-145.875,-10806.2
player406,2,1,100002010,-1810,290
player407,3,1,100002010,6217.8,-9929.94
player408,5,1,100002010,66.4663,-167.962
player409,1,1,100002010,10330,-6740
player410,2,19,101004020,-8945.8,7030.51
player411,3,1,100002020,555.519,-10432
player412,4,2,100002010,-13163.4,-10660.9
player413,2,2,100002010,-14827.3,-11310
player414,4,4,100002010,5779.85,11799
player415,5,1,100002010,2820,-3750
player416,5,1,100002010,2876.64,8030.97
player417,4,1,100002012,1680.01,-1268.88
player418,4,1,100002020,304.438,-11146.1
player419,4,20,101003010,-2380.28,17786.9
player420,3,90,103003010,7550,-1400
player421,1,90,101003010,-17380.7,20628.4
player422,2,90,101003010,-3117.09,17159.4
player423,3,90,101003010,-1955.96,16384.5
player424,4,50,101003010,-1165.04,17189.6
player425,4,80,100002010,8512.94,-10489.9
player426,5,25,101003010,-2088.84,17089.7
player427,1,20,201003010,-3800.69,6506.55
player428,2,1,100002010,2934.26,8127.4
player429,1,3,100002010,3060.13,-2621.54
player430,3,2,100002010,476.955,-3163.49
player431,1,3,100002010,-314.177,11312.1
player432,1,4,100002010,3438.08,8708.05
player433,3,1,100002010,-594.699,-371.909
player434,2,2,100002010,-1979.24,7418.15
player435,5,2,100002010,-8079.38,-11631.7
player436,5,7,101003010,21004.2,15006.5
player437,5,1,100002010,10330,-6740
player438,1,13,101003020,-673.804,3044.66
player439,3,1,100002010,8644.85,-10370.9
player440,5,21,101001010,-1550,-4110
player441,3,30,101003020,-2065.09,3553.92
player442,5,1,100002010,8867.3,-10934.3
player443,2,4,100002010,8119.92,4791.55
player444,1,2,100002010,689.989,-2526.88
player445,3,30,101003030,-8923.29,-21848.2
player446,1,10,101003010,17700,3094.51
player447,3,1,100002020,1926.47,4672.87
player448,3,1,100002010,10330,-6740
player449,3,4,101003010,-3925,17150
player450,3,3,101003010,-4121.48,17068.1
player451,1,9,101003010,-8623,-5936.5
player452,3,1,100002020,-973.728,-8084.77
player453,3,5,101003010,-3925,17150
player454,4,4,100002010,7800.12,3678.99
player455,3,1,100002010,10330,-6740
player456,1,1,100002010,8991.99,-9699.06
player457,1,1,100002010,10330,-6740
player458,1,11,101001010,-1600,4360
player459,2,1,100002010,10330,-6740
player460,2,7,101003010,17004.5,19087.6
player461,5,1,100002010,-1810,290
player462,1,12,101003020,4342.85,-50.0014
player463,1,10,101003010,20376.5,-8784.06
player464,5,10,101005010,193.355,4765.3
player465,1,100,104004050,-12269.6,7510.07
player466,1,11,101001010,-1601.81,4360.75
player467,1,3,100002010,-1229.71,6304.51
player468,1,7,101003010,11256,17644
player469,2,7,101003010,15722,10377.4
player470,1,11,101005020,-460.616,1785.89
player471,2,22,101003010,15559.4,-21535.2
player472,1,15,101003010,-5812.31,-9342.64
player473,4,15,101003010,-5860.43,-9296.18
player474,2,51,101001010,736.075,-3747.05
player475,1,40,100002010,10330,-6740
player476,3,25,100002010,10330,-6740
player477,3,10,101001010,233.424,-3471.27
player478,3,10,100002010,10330,-6740
player479,5,10,101001010,1053.92,-3931.49
player480,4,12,101003010,-4525.79,-22545.7
player481,2,1,100002010,277.054,-1326.56
player482,1,3,100002010,5297.06,-7489.31
player483,2,4,100002012,60.3102,-2036.19
player484,4,4,100002012,-7451.4,8744.22
player485,5,31,100002010,2941.51,-3194.51
player486,3,8,101003010,3470.33,11223.9
player487,1,7,101003010,-3093.16,18312.8
player488,2,1,100002010,8175.7,-10780.2
player489,2,6,100002020,4687.72,11422.3
player490,2,6,101003010,-17437.2,20614
player491,5,2,100002010,-11354,-11401.2
player492,5,1,100002010,2187.91,6047.96
player493,5,1,100002010,10330,-6740
player494,5,3,100002010,3082.02,-2592.12
player495,1,1,100002010,-996.154,-410.115
player496,1,1,100002010,-1810,290
player497,1,1,100002010,8638.27,-10383.9
player498,3,1,100002010,2820,-3750
player499,5,3,100002010,4168.97,-2163.77
player500,1,1,100004010,10025.9,17623.5
player501,1,1,100004010,1538,17734
player502,1,8,101003010,-10077.4,4926.01
player503,1,1,100004010,5157.9,17382.5
player504,1,1,100004010,3330.34,16795.2
player505,1,16,101001010,2117.56,-4847.36
player506,1,11,101003010,-4671.18,-16897.1
player507,2,10,101003010,15216.5,-14943.8
player508,1,140,100004010,5599.66,17656.3
player509,5,3,100002010,-2287,-1707
player510,3,9,101003010,19281.3,4115.38
player511,3,11,101003010,-6576.08,-17253.3
player512,1,9,101003010,-16242.7,-10757.8
player513,4,6,101003010,-10057,17248.3
player514,1,2,100004020,-1515.32,-182.848
player515,1,51,101003030,12261.8,-42425.2
player516,3,1,100004010,12067.6,16671.3
player517,3,21,101003010,-12601.1,2247.03
player518,3,16,101001010,1802.92,-4176.03
player519,1,1,100004010,11722,16741
player520,2,7,101003010,-3745.48,17279.3
player521,5,11,101003010,-2854.94,16328.3
player522,2,5,100002020,1069.7,6043.38
player523,3,30,101001010,1752,-4008.76
player524,1,2,100002010,-12532.4,-12802.9
player525,1,1,100004020,821.37,-75.4137
player526,1,6,101003010,10876.4,17263.4
player527,3,5,100002020,-1389.74,-11057.7
player528,5,17,101001010,2476.77,-5067.73
player529,2,7,101003010,3854.22,11496.7
player530,2,1,100004010,10026.9,17621.1
player531,2,1,100004010,15802.3,12228.7
player532,3,1,100004010,17188.6,13274.8
player533,3,6,101003010,-1002.58,20024.1
player534,2,5,100002020,1593.54,4741.55
player535,3,100,101004010,19934.5,-8790.05
player536,3,30,101001010,1981.38,-4507.1
player537,1,1,100004010,20540,11696.8
player538,2,1,100004010,9696.76,17836.2
player539,3,7,101003010,269.696,19511.5
player540,2,4,100002010,1794.57,-633.712
player541,2,3,100002010,-362.239,-2407.37
player542,4,1,100004010,10034.7,17607.5
player543,3,1,100004010,4953.68,16582
player544,5,1,100004010,10257.9,18421.6
player545,3,20,101003030,-16284.9,-7885.02
player546,2,1,100004010,3696.51,15582
player547,3,1,100004010,10024.3,17624.7
player548,1,1,100004010,1297.82,17799.2
player549,3,1,100004010,493.98,17488.3
player550,1,1,100004010,4841,17174
player551,2,1,100004010,4841,17174
player552,3,1,100004010,4841,17174
player553,1,1,100004010,4841,17174
player554,2,1,100004010,4841,17174
player555,3,1,100004010,4841,17174
player556,1,1,100004010,5099.7,17265.4
player557,2,1,100004010,4841,17174
player558,3,1,100004010,4841,17174
player559,3,1,100004010,1315.95,17580.1
player560,1,120,101003010,-3406.39,17768.5
player561,1,30,100002010,-2389.64,8736.95
player562,2,43,101003030,-16523.1,-12498.1
player563,2,1,100004010,4841,17174
player564,1,1,100004010,1381.11,17803.9
player565,3,20,101003030,-16284.9,-7885.02
player566,2,1,100004010,4841,17174
player567,2,1,100004010,1431.15,17815.9
player568,3,1,100004010,2373.87,17140.2
player569,2,120,101003030,-17225.8,-13918
player570,3,1,101003030,-16324.2,-8643
player571,1,20,101003030,-16481.5,-11363.2
player572,1,20,101003030,-16970.5,-12102.6
player573,2,1,100004010,4841,17174
player574,2,20,101003030,-17188.7,-12393
player575,3,20,101003030,-14682.8,-15867.7
player576,2,20,101003030,-16315.5,-11333.5
player577,3,1,100004010,1660.66,17669.2
player578,1,1,100004010,4841,17174
player579,3,1,100004010,4841,17174
player580,2,1,100004010,1814.73,17694.8
player581,1,1,101001010,1705,-887
player582,2,31,101001010,98.0906,-4029.43
player583,5,120,101003010,-1809.43,17715.6
player584,4,30,101001010,1788.32,-806.68
player585,3,31,101001010,-1671.81,-2698.53
player586,2,120,101003020,-2703.93,-3313.67
player587,3,100,101003030,9601.66,-42426.9
player588,1,120,101003030,-15635.6,-14104.8
player589,2,70,100004010,8985.76,18325.5
player590,1,5,100002012,-6985.45,4693.08
player591,3,100,900000003,671.64,-19288.5
player592,2,1,100004010,4841,17174
player593,2,25,101003030,-13372,-11971.3
player594,2,25,101003030,-15538.1,-15955.6
player595,2,1,101003010,-2736.38,16486.1
player596,2,50,101003010,-8874.04,-20179.1
player597,1,30,101003030,-18068.1,-20216.3
player598,2,120,201003020,4002.39,-15631.7
player599,3,1,100004010,10191.9,17800.6
player600,5,20,101003020,4835.35,-4547.15
player601,2,1,100004010,10259.8,17468
player602,3,99,101001010,-33.4004,2164.82
player603,1,99,101003030,864.573,-13386.8
player604,3,3,100002010,-7165.55,-11971.4
player605,4,120,101003010,-16906.3,19873.7
player606,3,120,101005010,151.456,2052.4
player607,2,36,102004050,5480,-7460
player608,1,36,102004050,2374.02,-3535.76
player609,2,36,100004010,10110.8,17367.7
player610,2,36,101003020,2893.78,557.227
player611,1,6,100004010,2114.75,14869.2
player612,1,120,100004010,19949.6,11907.1
player613,3,9,101003010,-3793.16,17250
player614,2,120,101001010,2053.62,-4252.12
player615,2,96,100004010,9499.84,17725.7
player616,1,20,900000000,-2540.08,-20310.7
player617,2,3,100002010,-359.416,-2408.4
player618,1,120,101003020,4327.2,973.532
player619,3,120,101003020,3673.63,52.7152
player620,1,2,100004020,770,-900
player621,4,120,101003020,4360.06,310.176
player622,5,120,101003020,4014.32,-417.731
player623,1,4,100002012,3876.78,-2473.28
player624,1,120,101003020,3953.48,701.495
player625,3,1,100004010,10060.3,17655.3
player626,4,1,100004010,12391.3,16653.8
player627,1,43,101003030,5826.39,-40066.1
player628,2,1,100004010,8918.53,18302.4
player629,1,4,100002012,-263.11,-2150.95
player630,2,45,103003020,-4453.78,478.194
player631,1,40,900000002,-187.988,-1569.63
player632,3,5,100002020,3759.86,10578.9
player633,3,30,101001010,-1059.61,1277.64
player634,3,40,900000002,-99.5718,-1770.92
player635,2,2,100004020,6784.27,2487.52
player636,2,37,102003010,-8623.93,-7157
player637,3,49,201100010,-14727.5,-5858.12
player638,2,3,100002010,-7184.03,-11896.7
player639,3,29,101004030,-21836.8,-7942.53
player640,3,13,101003010,-5465.39,-8945.17
player641,1,6,101003010,-17059.3,20379.5
player642,3,31,101003030,-9556.91,-28765.4
player643,2,53,103003020,-8224.68,8400.01
player644,1,2,100004020,108.548,190.602
player645,1,15,101003010,-4138.84,-9326.11
player646,3,44,101001010,-240.572,1451.29
player647,3,1,100004010,4841,17174
player648,3,41,900000002,-124.178,-1778.13
player649,4,4,100002010,10190.2,-7108.09
player650,2,30,101003010,-6754.35,-5299.94
player651,3,43,102004070,3806.23,415.592
player652,2,28,900000002,-3407.29,2723.08
player653,2,1,100004010,4841,17174
player654,2,1,100004010,17240,13190
player655,2,41,900000002,3812.3,1480.11
player656,1,1,100004010,4841,17174
player657,2,5,100002020,-1009.6,-1191.37
player658,1,2,100004010,19370.8,11968.7
player659,2,1,100004010,4841,17174
player660,5,1,100004010,1986.38,15086.1
player661,3,4,100002010,2894.92,-3799.04
player662,2,1,100004010,4841,17174
player663,1,1,100004010,4841,17174
player664,3,2,100004010,19385,11954.9
player665,3,1,100004010,4841,17174
player666,2,38,10021,18106.8,60.8225
player667,3,20,900000002,-4213.61,1821.14
player668,2,1,100004010,8274.46,17597.7
player669,2,2,100004020,6731.84,-1663.63
player670,1,3,100002010,-12502.7,-12859.1
player671,1,3,100002010,-12540.9,-12861.4
player672,2,44,101003030,-24539.5,-18230.3
player673,2,1,100004010,4841,17174
player674,2,35,900000002,-124.178,-1778.13
player675,2,1,100004010,4841,17174
player676,3,1,100004010,4841,17174
player677,2,30,101001010,1039.74,-3279.37
player678,2,34,900000002,-124.178,-1778.13
player679,3,8,101003010,10215.7,17434.1
player680,2,5,100002020,-1474.84,2926.64
player681,2,43,103003020,-15558,-1294.82
player682,3,2,100004020,608.867,-1093.27
player683,4,5,100002020,-2325.64,-9827.23
player684,1,4,100002010,3853.63,-1876.35
player685,3,1,100004010,1712.88,16947.8
player686,2,59,101001010,2048.58,-314.174
player687,3,54,201100010,18053.5,-7431.05
player688,2,33,900000002,-56.2368,-1486.87
player689,3,2,100004020,-1152.76,463.782
player690,2,35,102004040,510,-6660
player691,3,33,102003010,-12232,-6413
player692,2,42,101001010,287.451,-1254.97
player693,2,43,101003030,-15699.4,-11612.9
player694,2,30,101003030,-14454.5,-13517.2
player695,1,25,101003030,1669.38,-26778.8
player696,1,51,102004070,16045.4,28585.7
player697,1,1,100004010,8918.53,18302.4
player698,3,15,101003010,-2540.73,-8791.79
player699,2,33,102004010,-8541.08,8327.8
player700,2,2,100004020,6531.38,-1112.62
player701,1,12,101003010,-17060,-10240
player702,2,2,100004020,6888.51,-1334.08
player703,1,36,900000002,-124.178,-1778.13
player704,2,28,900000002,-124.178,-1778.13
player705,2,4,100002010,7781.44,11034.6
player706,3,27,900000002,4006.02,-581.397
player707,3,20,900000002,-124.178,-1778.13
player708,5,31,10012,47.3086,-19898.7
player709,3,32,101003030,-25341.6,-23886
player710,2,18,101005040,3561.9,2633.81
player711,4,1,100004010,16983.1,12137.7
player712,3,6,101003010,-17434.7,20515.2
player713,2,1,100004010,8918.53,18302.4
player714,2,5,100002020,-1090.18,-9878.81
player715,3,46,102004050,-767.655,-6705.56
player716,2,35,900000002,2596.13,-1581.29
player717,3,18,101001010,-6125.58,-884.179
player718,1,38,900000002,-124.178,-1778.13
player719,2,48,101001010,150,-1280
player720,2,1,100004010,4841,17174
player721,2,35,900000002,51.0358,-2590.18
player722,3,32,900000002,-8.10698,-2060
player723,1,21,101001010,2101.35,-5032.25
player724,1,4,100002020,-3777.53,-9504.09
player725,3,39,101001010,943.898,-1244.41
player726,3,4,100002010,2886.53,-3751.22
player727,3,4,100002010,4473.71,-2639
player728,1,36,900000002,4129.31,986.515
player729,5,1,100004010,1833.05,17524.4
player730,2,4,100002020,-944.037,-10527.7
player731,1,2,100004020,-1677.4,211.625
player732,3,25,101003030,-6448.97,-28826
player733,2,41,900000002,-124.178,-1778.13
player734,1,35,102004070,-2010,13270
player735,1,4,100002010,9164.15,-9106.67
player736,5,4,100002012,-152.489,-675.052
player737,1,9,101003010,-3785.62,17249.7
player738,3,33,100002012,-2439.01,977.307
player739,2,29,101001010,150,-1280
player740,2,20,900000002,-124.178,-1778.13
player741,3,9,101003010,-7657.53,20511.8
player742,3,4,100002012,2280,3412
player743,1,20,101001010,1705.77,-887.166
player744,2,10,101003010,-9155.69,4696.87
player745,2,4,100002012,-84.9014,-1911.56
player746,1,36,102004070,4136.61,6333.08
player747,5,1,100004010,4841,17174
player748,4,2,100004020,4896.59,2465.65
player749,4,41,103003010,19330.9,-2914.26
player750,1,5,100002020,-1706.35,-4669.74
player751,1,1,900000002,59.9994,-5840
player752,2,31,101004040,-15201.2,-2088.55
player753,1,23,101004010,-12037,1310.08
player754,3,59,103003020,12103,-7201.55
player755,3,26,101003030,6890.09,-27808.9
player756,1,13,101003010,-17060,-10240
player757,3,8,101003010,-559.784,21009.7
player758,1,2,100004020,7140.33,586.064
player759,1,45,103003020,-11782.6,3524
player760,3,48,103003020,-4508.33,-101.136
player761,2,45,103003010,-15007.6,12471.8
player762,5,1,100004010,2110.4,17415.9
player763,1,140,100004010,2322.11,17177
player764,3,140,101001010,1031.22,8.99505
player765,5,1,100004010,1768.91,17495.3
player766,1,1,100004010,8918.53,18302.4
player767,3,10,101003010,5655.1,4934.03
player768,1,42,103003020,16262.4,11174.8
player769,2,1,100004010,4841,17174
player770,1,2,100004010,19419.6,11926.4
player771,1,30,101003010,-8334.87,17995.2
player772,4,1,100004010,17240,13190
player773,4,3,100002010,6493.3,-10497.6
player774,2,2,100004020,6738.61,-1697.88
player775,1,1,100004010,2478.44,17054.1
player776,2,1,100004010,5713.21,17706
player777,2,4,100002010,2231.14,950.718
player778,4,1,100004010,8918.53,18302.4
player779,3,4,100002012,3150,-3550
player780,3,15,101003010,-2546,-8627
player781,3,3,100002010,-12570.8,-12887.4
player782,1,11,101003010,-17514.6,-4584.46
player783,3,3,100002010,-12565.3,-12856.8
player784,2,4,100002012,-152.489,-675.052
player785,1,23,101004010,8731.67,5340.46
player786,2,1,100004010,8918.53,18302.4
player787,2,35,101001010,-1550,-4110
player788,3,15,101005010,193.092,4769.95
player789,2,4,100002012,3150,-3550
player790,3,29,900000002,443.465,-5364.41
player791,3,4,100002020,-3792.78,-9596.78
player792,2,2,100004020,6309.94,2039.71
player793,2,4,100002012,3150,-3550
player794,1,8,101003010,-4100.97,20085.6
player795,1,99,100002010,5977.98,-9996.5
player796,1,18,101005040,2134.84,3201.35
player797,2,19,101001010,-4919.64,-3042.09
player798,3,1,100004010,4841,17174
player799,3,1,100004010,4841,17174
player800,3,99,103003020,-574.115,6772.01
player801,3,15,101003010,543.344,-16554.5
player802,5,10,101005020,-441.957,1381.66
player803,3,1,100004010,1538,17734
player804,1,1,101001010,1683.73,969.302
player805,3,47,101001010,1863.18,-574.776
player806,3,45,103003010,15335.3,-7995.93
player807,1,12,101003010,292.977,-3239.86
player808,1,30,900000002,-283.8,76.902
player809,2,36,102004010,-13303.2,231.317
player810,1,42,102004010,-5003.29,8116.3
player811,3,49,103003010,16701,3284.23
player812,3,4,100002010,10458.9,-6460.49
player813,3,18,101005040,4030,-7080
player814,3,39,102004070,23560.1,17878.7
player815,2,25,101003030,9796.71,-42033.2
player816,3,4,100002010,3687.26,-1755.97
player817,3,40,102004040,-650.413,-17696.2
player818,3,26,101003030,2386.23,-30959.8
player819,2,37,102003010,-17340.2,-30885.3
player820,3,46,101003010,18468.5,4315.05
player821,5,33,102004010,-17380,85
player822,2,40,102004070,12381.9,29817
player823,1,29,101004030,-16220,9000
player824,3,40,101003030,-1096.44,-28296.5
player825,2,42,10011,542.212,18947.9
player826,1,42,103003020,-13309.2,3102.17
player827,2,45,101003030,2272.49,-28272.8
player828,1,3,100002010,-12540.9,-12847.1
player829,2,21,101003030,-21099.9,-20045.2
player830,2,2,101003020,-3423.49,3805
player831,1,1,100004010,13127.4,16635.4
player832,5,120,104004100,7903.78,-13799.7
player833,2,99,101003010,13302.5,-4542.71
player834,1,1,100004010,2059.59,17394.7
player835,3,3,100002010,2127.56,-1483.94
player836,5,1,100004010,3404.57,16784.1
player837,2,40,101003030,-21859.2,-16864.4
player838,2,38,102004050,-906.721,-1015.3
player839,3,42,103003020,-9629.57,8003.2
player840,1,1,100004010,3752.06,16738.7
player841,5,120,102004040,6422.6,-13405.9
player842,2,1,100004010,4841,17174
player843,1,4,100002010,7704.29,6939.44
player844,1,120,10031,75,-18615
player845,2,120,101001010,-1635.83,1233.78
player846,3,120,101001010,-1596.35,1068.53
player847,3,24,101004020,-8849.59,913.071
player848,1,3,100002010,-7168.02,-11951.3
player849,1,25,101004020,-4660.82,5461.35
player850,3,2,100004020,-280,50
player851,1,100,103003020,-10009.4,1037.93
player852,1,48,10021,4560.6,342.111
player853,3,23,101001010,16.9409,-1414.99
player854,3,24,101004010,6512.23,6429.19
player855,3,46,101004040,1030.03,9901.43
player856,4,10,100004010,-1360.4,16375.5
player857,1,33,102004010,-16735.4,341.061
player858,4,120,105001010,-667.782,1344.16
player859,2,4,100002012,3780.52,-3295.54
player860,1,40,900000002,125.072,2564.39
player861,3,9,101003010,-3778.95,17255.4
player862,1,33,102003010,-12426.4,-6265.75
player863,2,120,105002010,5417.11,10535.5
player864,1,1,100004010,4841,17174
player865,1,3,100002010,-12490,-11780
player866,2,8,101003010,-316.057,21074
player867,3,1,900000000,-2540.08,-20310.7
player868,1,18,101005040,1832.28,3046.24
player869,1,31,10011,183.371,13277.7
player870,3,18,101003010,-4676,-16717
player871,1,1,100002010,-13102.5,-10538.1
player872,4,1,101003030,-16190.9,-11395.3
player873,2,40,900000002,-203.113,-3030.03
player874,1,100,102003010,-16565,-18035
player875,3,12,101003010,-15758,-11618.8
player876,3,40,100004020,4497.12,-4810.25
player877,3,5,100002020,-473.399,3467.07
player878,2,1,100004010,8918.53,18302.4
player879,2,3,100002010,4316,-3954
player880,3,2,100004020,-796.67,-854.888
player881,4,50,101004030,7611.23,6352.81
player882,4,3,100002010,-13168.5,-12726.4
player883,3,7,101003010,-2867.31,19831.6
player884,1,2,100004020,818.511,-75.5957
player885,2,14,101003010,17803.8,-22898.6
player886,2,2,100004020,6617.56,-996.654
player887,1,3,100002010,-12479.8,-11360.6
player888,3,14,101003010,1530.95,-6720.04
player889,3,8,101003010,10262.5,18183.4
player890,2,3,100002010,1047.37,-1760.53
player891,1,12,101003010,-17060,-10240
player892,3,5,100002020,-1476.71,2931.64
player893,2,4,100002020,-134.57,-11004.3
player894,1,25,101004020,-17436.8,10189.4
player895,1,2,100004020,-260,50
player896,1,16,101003010,21571.5,8081.94
player897,1,19,101005040,3640.96,6919.18
player898,3,13,101003010,-6487.02,-18193
player899,2,5,100002020,-1686.58,-7349.39
player900,4,16,101005020,-3513.15,-98.2839
player901,3,1,100004010,8918.53,18302.4
player902,1,15,101003010,25482.5,-30762.1
player903,2,1,100004010,4841,17174
player904,3,9,101003010,-318.895,21090.4
player905,2,3,100002010,-7406.4,-11946
player906,3,1,100004010,2151.34,17275.3
player907,1,26,10011,150.386,19379.2
player908,2,1,100004010,4841,17174
player909,2,1,100004010,12406.8,16580.6
player910,3,20,101001010,2097.31,-4561.47
player911,3,1,100004010,17240,13190
player912,3,9,101003010,-3775.35,17123.8
player913,3,4,100002012,2280,3412
player914,2,2,100004020,-1344.59,-303.408
player915,2,1,100004010,4836.21,17069.4
player916,2,1,101001010,1028.26,-42.7142
player917,1,1,900000000,-2540.08,-20310.7
player918,1,28,101003010,-508.122,43.0255
player919,4,120,105002010,16986.5,4717.16
player920,3,1,100004010,14820,15759
player921,4,4,100002010,4065.57,-2712.31
player922,3,3,100002010,-12471.6,-12841.3
player923,4,100,103003030,1162.58,3207.11
player924,3,5,100002020,-73.1342,4153.41
player925,2,100,103003040,-1989.02,2952.86
player926,4,8,101003010,11791.6,17266.1
player927,1,3,100002010,4316,-3954
player928,4,6,100002020,4507.08,10830.6
player929,1,1,100004010,8918.53,18302.4
player930,4,5,100002020,-440.596,4176.69
player931,3,40,101003010,-7063.05,3294.45
player932,1,1,100004010,12352.2,16510.8
player933,1,1,100004010,12352.2,16510.8
player934,1,1,100004010,8918.53,18302.4
player935,4,1,100004010,12352.2,16510.8
player936,1,30,101001010,1519.29,-755.46
player937,2,30,101001010,1552.65,-677.004
player938,3,30,101001010,1567.2,-657.327
player939,1,30,900000002,3009.53,3376.26
player940,2,30,101001010,1281.87,-594.965
player941,3,30,101001010,1482.86,-615.776
player942,1,30,101001010,1519.29,-755.46
player943,1,30,101001010,1519.29,-755.46
player944,1,30,101001010,1519.29,-755.46
player945,1,30,101001010,1519.29,-755.46
player946,1,30,101003010,9939.67,-5302.67
player947,1,30,101001010,1519.29,-755.46
player948,1,30,900000002,-124.178,-1778.13
player949,1,30,101001010,1519.29,-755.46
player950,1,30,900000002,22.8618,3616.02
player951,1,30,101001010,1519.29,-755.46
player952,1,30,101001010,1519.29,-755.46
player953,1,30,101001010,1519.29,-755.46
player954,1,30,101001010,1519.29,-755.46
player955,1,30,101001010,1519.29,-755.46
player956,1,30,101001010,1519.29,-755.46
player957,1,30,101001010,1519.29,-755.46
player958,1,30,101001010,1519.29,-755.46
player959,1,30,101001010,1519.29,-755.46
player960,1,30,101001010,1519.29,-755.46
player961,1,30,101001010,1519.29,-755.46
player962,1,30,900000002,-768.779,1603.94
player963,1,30,101001010,1519.29,-755.46
player964,1,30,101001010,1519.29,-755.46
player965,1,30,900000002,-231.774,-3527.86
player966,1,30,900000002,3031.33,1691.4
player967,1,30,101001010,1519.29,-755.46
player968,1,30,101001010,1519.29,-755.46
player969,1,30,101001010,1519.29,-755.46
player970,1,30,101001010,1519.29,-755.46
player971,1,30,101001010,1410.79,-906.119
player972,1,30,101001010,1519.29,-755.46
player973,1,30,101001010,1519.29,-755.46
player974,1,30,900000002,-802.279,4938
player975,1,30,900000002,1135.62,-1897.66
player976,1,30,101001010,1519.29,-755.46
player977,1,30,101001010,1519.29,-755.46
player978,1,30,900000002,-124.178,-1778.13
player979,1,30,900000002,854.574,2582.28
player980,1,30,900000002,351.872,1144.65
player981,1,30,101001010,1519.29,-755.46
player982,1,30,900000002,4255.08,-308.486
player983,1,30,101001010,548.229,-1562.96
player984,1,30,900000002,3160.76,2236.96
player985,1,30,101001010,1519.29,-755.46
player986,1,30,900000002,-124.178,-1778.13
player987,1,31,101001010,1705.77,-887.166
player988,1,30,101001010,1519.29,-755.46
player989,1,30,101001010,1519.29,-755.46
player990,1,30,101001010,1519.29,-755.46
player991,1,30,900000002,-3363.25,1370.58
player992,1,30,101001010,1519.29,-755.46
player993,1,30,900000002,3113.12,1883.88
player994,1,30,101001010,1519.29,-755.46
player995,1,30,101001010,-347.79,1147.39
player996,1,30,101001010,-2359.06,2192.23
player997,1,30,101001010,1519.29,-755.46
player998,1,30,101001010,1519.29,-755.46
player999,1,30,101001010,1519.29,-755.46
player1000,1,30,900000002,23.8312,2222.83
player1001,1,30,101001010,1519.29,-755.46
player1002,1,30,900000002,1146.86,1419.41
player1003,1,30,101001010,1519.29,-755.46
player1004,1,30,101001010,1519.29,-755.46
player1005,1,30,101001010,1519.29,-755.46
player1006,1,30,101001010,1519.29,-755.46
player1007,1,30,101001010,1519.29,-755.46
player1008,1,30,900000002,-1910.32,1605.03
player1009,1,30,101001010,1519.29,-755.46
player1010,1,30,101001010,1519.29,-755.46
player1011,1,30,900000002,-1306.18,1585.84
player1012,1,30,900000002,-124.178,-1778.13
player1013,1,30,101001010,1519.29,-755.46
player1014,1,30,101001010,1519.29,-755.46
player1015,1,30,101001010,1519.29,-755.46
player1016,1,30,101001010,1519.29,-755.46
player1017,1,30,101001010,1519.29,-755.46
player1018,1,30,900000002,-1298.5,2284.13
player1019,1,30,101001010,1519.29,-755.46
player1020,1,30,101001010,1519.29,-755.46
player1021,1,30,900000002,-3374.86,1000.1
player1022,1,30,900000002,-4425.4,-73.8191
player1023,1,30,101001010,1519.29,-755.46
player1024,1,30,900000002,585.737,1266.86
player1025,1,30,101001010,1519.29,-755.46
player1026,1,30,101001010,1519.29,-755.46
player1027,1,30,101001010,1519.29,-755.46
player1028,1,30,101001010,1519.29,-755.46
player1029,1,30,101001010,1519.29,-755.46
player1030,1,30,101001010,1519.29,-755.46
player1031,1,30,101001010,1519.29,-755.46
player1032,1,30,101001010,1519.29,-755.46
player1033,1,30,101001010,1519.29,-755.46
player1034,1,30,101001010,1519.29,-755.46
player1035,1,30,101001010,1519.29,-755.46
player1036,1,30,101001010,1519.29,-755.46
player1037,1,30,101001010,1519.29,-755.46
player1038,1,30,101001010,1519.29,-755.46
player1039,1,30,101001010,1519.29,-755.46
player1040,1,30,101001010,1384.17,-1027.58
player1041,2,30,101001010,1552.65,-677.004
player1042,2,30,101001010,1552.65,-677.004
player1043,2,30,101001010,1552.65,-677.004
player1044,2,30,900000002,2014.8,2804.59
player1045,2,31,101001010,728.3,-115.849
player1046,2,30,900000002,2745.3,1358.13
player1047,2,30,101001010,1552.65,-677.004
player1048,2,30,900000002,-160.299,-1766.63
player1049,2,30,101001010,1552.65,-677.004
player1050,2,30,900000002,-1535.93,3011.68
player1051,2,30,101001010,1552.65,-677.004
player1052,2,30,900000002,4686.6,-478.258
player1053,2,30,900000002,467.466,2980.06
player1054,2,30,900000002,1000.38,2866.33
player1055,2,30,101001010,1552.65,-677.004
player1056,2,30,101001010,1552.65,-677.004
player1057,2,30,101001010,1552.65,-677.004
player1058,2,30,101003010,18143.8,4506.45
player1059,2,30,101001010,1552.65,-677.004
player1060,2,30,101001010,1552.65,-677.004
player1061,2,30,900000002,3306.25,215.304
player1062,2,30,900000002,-1184.89,2797.56
player1063,2,30,101001010,1552.65,-677.004
player1064,2,30,101001010,1552.65,-677.004
player1065,2,30,900000002,-1929.36,2653.42
player1066,2,30,101001010,1552.65,-677.004
player1067,2,30,900000002,-124.178,-1778.13
player1068,2,30,101001010,1552.65,-677.004
player1069,2,30,101001010,1552.65,-677.004
player1070,2,30,900000002,-124.178,-1778.13
player1071,2,30,101001010,1552.65,-677.004
player1072,2,30,900000002,-3824.36,1344.57
player1073,2,30,101001010,1552.65,-677.004
player1074,2,30,101001010,1552.65,-677.004
player1075,2,30,900000002,561.354,4938
player1076,2,30,101001010,1552.65,-677.004
player1077,2,30,101001010,-1837.2,747.713
player1078,2,30,101001010,1552.65,-677.004
player1079,2,30,101003010,-14069.9,19607.7
player1080,2,30,101001010,1552.65,-677.004
player1081,2,30,101001010,1552.65,-677.004
player1082,2,30,900000002,-2414.55,3502.1
player1083,2,30,900000002,3399.43,741.089
player1084,2,30,900000002,-2252.68,3676.27
player1085,2,30,101001010,1552.65,-677.004
player1086,2,30,101001010,-1510.32,-3714
player1087,2,30,900000002,-124.178,-1778.13
player1088,2,30,900000002,-3689.3,1389.77
player1089,2,30,900000002,-2926.13,969.35
player1090,2,30,101001010,1552.65,-677.004
player1091,2,30,101001010,1552.65,-677.004
player1092,2,30,900000002,2661.34,2175.84
player1093,2,30,900000002,1127.57,1974.19
player1094,2,30,101001010,1551.28,-688.842
player1095,2,30,101001010,-3001.65,3300.21
player1096,2,30,101001010,150,-1280
player1097,2,30,900000002,255.562,-1812.86
player1098,2,30,101001010,1552.65,-677.004
player1099,2,30,101001010,1552.65,-677.004
player1100,2,30,900000002,52.9906,2351.97
player1101,2,30,101001010,1552.65,-677.004
player1102,2,30,900000002,-124.178,-1778.13
player1103,2,30,101001010,150,-1280
player1104,2,30,101001010,1552.65,-677.004
player1105,2,30,101001010,1552.65,-677.004
player1106,2,30,101001010,1552.65,-677.004
player1107,2,30,101001010,1552.65,-677.004
player1108,2,30,101001010,1552.65,-677.004
player1109,2,30,101001010,1552.65,-677.004
player1110,2,30,900000002,-124.178,-1778.13
player1111,2,30,101001010,1552.65,-677.004
player1112,2,30,101001010,1552.65,-677.004
player1113,2,30,101001010,1552.65,-677.004
player1114,2,30,900000002,-3352.79,2689.52
player1115,2,30,900000002,-1159.75,2802.72
player1116,2,30,900000002,-124.178,-1778.13
player1117,2,30,101001010,1552.65,-677.004
player1118,2,30,900000002,-1096.79,2532.31
player1119,2,30,101001010,1552.65,-677.004
player1120,2,30,101001010,1552.65,-677.004
player1121,2,30,101001010,1552.65,-677.004
player1122,2,30,101001010,1552.65,-677.004
player1123,2,30,101001010,1552.65,-677.004
player1124,2,30,101001010,1552.65,-677.004
player1125,2,30,101001010,1552.65,-677.004
player1126,2,30,101001010,1552.65,-677.004
player1127,2,30,101001010,1552.65,-677.004
player1128,2,30,101001010,1552.65,-677.004
player1129,2,30,101001010,1552.65,-677.004
player1130,2,30,101001010,1552.65,-677.004
player1131,2,30,101001010,1552.65,-677.004
player1132,2,30,101001010,1552.65,-677.004
player1133,2,30,101001010,1552.65,-677.004
player1134,2,30,101001010,1552.65,-677.004
player1135,2,30,101001010,1552.65,-677.004
player1136,2,30,101001010,1552.65,-677.004
player1137,2,30,101001010,1552.65,-677.004
player1138,2,30,101001010,1552.65,-677.004
player1139,2,30,900000002,-188.902,2286.05
player1140,3,30,101001010,1567.2,-657.327
player1141,3,30,101001010,1567.2,-657.327
player1142,3,30,900000002,-1719.33,2647.69
player1143,3,30,101001010,1567.2,-657.327
player1144,3,30,900000002,1626.4,932.259
player1145,3,30,101001010,1567.2,-657.327
player1146,3,30,900000002,2574.11,1251.39
player1147,3,30,101001010,1567.2,-657.327
player1148,3,30,101001010,1567.2,-657.327
player1149,3,30,101001010,1567.2,-657.327
player1150,3,30,900000002,-124.178,-1778.13
player1151,3,30,900000002,-3019.91,2147.3
player1152,3,30,101001010,1567.2,-657.327
player1153,3,30,101001010,1567.2,-657.327
player1154,3,30,101001010,1567.2,-657.327
player1155,3,30,101001010,1567.2,-657.327
player1156,3,30,900000002,987.947,3836.46
player1157,3,30,900000002,-1794.82,1713.28
player1158,3,30,900000002,2439.77,1762.57
player1159,3,30,900000002,1899.24,1805.71
player1160,3,30,900000002,-2484.02,-2205.26
player1161,3,30,101001010,1567.2,-657.327
player1162,3,30,101001010,1567.2,-657.327
player1163,3,30,101001010,1567.2,-657.327
player1164,3,30,101001010,1567.2,-657.327
player1165,3,30,101001010,1567.2,-657.327
player1166,3,30,100002010,-3312.09,-3064.56
player1167,3,30,101001010,1567.2,-657.327
player1168,3,30,101001010,1567.2,-657.327
player1169,3,30,900000002,-4320.63,-2000.14
player1170,3,30,900000002,-110.494,-4913.41
player1171,3,30,900000002,171.797,-1557.69
player1172,3,30,101001010,1567.2,-657.327
player1173,3,30,900000002,-265.721,-3543.82
player1174,3,30,900000002,-124.178,-1778.13
player1175,3,30,101001010,1567.2,-657.327
player1176,3,30,101001010,1567.2,-657.327
player1177,3,30,101001010,1567.2,-657.327
player1178,3,30,900000002,3881.3,2250.26
player1179,3,30,101001010,1567.2,-657.327
player1180,3,30,900000002,4594.51,-752.715
player1181,3,30,101001010,1567.2,-657.327
player1182,3,30,101001010,1567.2,-657.327
player1183,3,30,900000002,3755.81,53.4024
player1184,3,30,900000002,30.8018,-4819.26
player1185,3,30,101001010,963.974,-1260.34
player1186,3,30,900000002,-1729.4,2799.74
player1187,3,30,900000002,-3137.76,1988.09
player1188,3,30,900000002,-335.555,4074.16
player1189,3,30,101001010,1567.2,-657.327
player1190,3,30,900000002,-274.906,-1376.92
player1191,3,30,101001010,1567.2,-657.327
player1192,3,30,101001010,1567.2,-657.327
player1193,3,30,101001010,-3516.13,-2759.75
player1194,3,30,900000002,1424.73,1812.98
player1195,3,30,900000002,-124.178,-1778.13
player1196,3,30,900000002,249.247,2965.69
player1197,3,30,101001010,1567.2,-657.327
player1198,3,30,101001010,1567.2,-657.327
player1199,3,30,101001010,1567.2,-657.327
player1200,3,30,101001010,1567.2,-657.327
player1201,3,30,101001010,1567.2,-657.327
player1202,3,30,900000002,-1572.71,2594.66
player1203,3,30,101001010,1567.2,-657.327
player1204,3,30,101001010,1567.2,-657.327
player1205,3,30,900000002,-249.531,55.0832
player1206,3,30,101001010,1567.2,-657.327
player1207,3,30,900000002,-1140.09,-1376.95
player1208,3,30,101001010,1567.2,-657.327
player1209,3,30,101001010,1567.2,-657.327
player1210,3,30,900000002,3634.71,1832.83
player1211,3,30,101001010,1567.2,-657.327
player1212,3,30,101001010,1567.2,-657.327
player1213,3,30,900000002,803.977,2316.71
player1214,3,30,900000002,-1271.54,1504.75
player1215,3,30,101001010,1567.2,-657.327
player1216,3,30,101001010,1567.2,-657.327
player1217,3,30,101001010,1567.2,-657.327
player1218,3,30,101001010,1567.2,-657.327
player1219,3,30,900000002,-4010.91,3378.09
player1220,3,30,101001010,1567.2,-657.327
player1221,3,30,900000002,-1144.32,1712.14
player1222,3,30,101001010,1567.2,-657.327
player1223,3,30,101001010,1567.2,-657.327
player1224,3,30,101001010,1567.2,-657.327
player1225,3,30,101001010,1567.2,-657.327
player1226,3,30,101001010,1567.2,-657.327
player1227,3,30,101001010,1567.2,-657.327
player1228,3,30,101001010,1567.2,-657.327
player1229,3,30,101001010,1567.2,-657.327
player1230,3,30,101001010,1567.2,-657.327
player1231,3,30,101001010,1567.2,-657.327
player1232,3,30,101001010,1567.2,-657.327
player1233,3,30,101001010,1567.2,-657.327
player1234,3,30,101001010,1567.2,-657.327
player1235,3,30,101001010,1567.2,-657.327
player1236,3,30,101001010,1567.2,-657.327
player1237,3,30,101001010,1567.2,-657.327
player1238,3,30,101001010,1567.2,-657.327
player1239,1,3,100002010,1776.43,-2742.56
player1240,1,1,100004010,4841,17174
player1241,2,1,100004010,4841,17174
player1242,5,1,100004010,4841,17174
player1243,5,1,100004010,4841,17174
player1244,5,2,100004020,6836.21,-3255.34
player1245,4,50,100004010,3491.34,16844
player1246,4,3,100002010,1065.11,-1769.29
player1247,1,1,100004010,4841,17174
player1248,1,30,100004010,2133.07,17014
player1249,4,1,100004010,4841,17174
player1250,1,1,100004010,6089.58,17967.9
player1251,3,1,100004010,4841,17174
player1252,3,3,100002010,4242.19,-3872.92
player1253,2,1,100004010,14820,15759
player1254,1,40,100004010,12887.9,15849.7
player1255,3,1,100004010,12352.2,16510.8
player1256,3,1,100004010,1538,17734
player1257,1,2,100004020,6298.41,2048.14
player1258,1,3,100002010,-11072.4,-8599.35
player1259,1,44,103003030,16709.6,-661.536
player1260,3,1,100004010,17240,13190
player1261,2,1,100004010,1538,17734
player1262,1,10,101003010,2744.43,13582.7
player1263,3,1,100004010,14820,15759
player1264,4,2,100004020,-531.748,-107.336
player1265,2,1,100004010,2276.94,16921.1
player1266,5,1,100004010,1867.61,17462.2
player1267,5,1,100004010,1378.18,17562.1
player1268,1,130,101005010,109.606,2277.37
player1269,2,3,100002010,4316,-3954
player1270,3,5,100002020,-2872.56,-10453
player1271,3,11,101003010,-2050,16830
player1272,3,4,100002012,3722.55,-2175
player1273,2,4,100002010,4266.33,-2263.32
player1274,1,1,100004010,4841,17174
player1275,1,26,101003010,7869.11,-7815.38
player1276,1,1,101003010,-8090.53,-7465.26
player1277,2,1,101003010,-2416.81,-8533.84
player1278,3,41,103003010,7268.31,-2097.96
player1279,2,1,100004010,4841,17174
player1280,2,39,102004040,4459.03,10991.3
player1281,1,40,900000002,-171.968,2879.43
player1282,2,1,100004010,4841,17174
player1283,3,1,100004010,12250,-453
player1284,2,1,100004010,10128,17595
player1285,5,22,101004010,-10601.9,-5423.7
player1286,1,1,100004010,5648.73,17844.8
player1287,5,3,101003010,-6418.81,20357.1
player1288,2,20,101001010,1414.77,-4058.81
player1289,3,1,100004010,17699.1,12400.7
player1290,3,30,10011,185,18395
player1291,5,12,101003010,-16802.5,-3817.13
player1292,1,1,100004010,3044.01,15500.8
player1293,1,3,100002010,622.246,-3041.28
player1294,4,8,101003010,18799.3,18650.6
player1295,1,3,100002010,-2287,-1707
player1296,2,14,101003010,1610.24,-6720.04
player1297,2,1,100004010,1538,17734
player1298,2,12,101003010,-17085.4,-4338.91
player1299,3,14,101005010,8007.66,-2547.89
player1300,1,1,100004010,3630.66,16727
player1301,2,30,101003010,-7778.77,-5289.75
player1302,2,1,100004010,1538,17734
player1303,1,1,100004010,1538,17734
player1304,3,1,100004010,1538,17734
player1305,5,1,100004010,2189.06,18051.7
player1306,4,1,100004010,12352.2,16510.8
player1307,3,1,100004010,4841,17174
player1308,2,24,101004010,-21008.1,2407.38
player1309,4,1,100004010,14820,15759
player1310,1,1,100004010,4841,17174
player1311,1,1,100004010,4841,17174
player1312,1,1,100004010,11722,16741
player1313,2,31,101004030,21125.7,-2433.49
player1314,2,37,200022031,1903.23,-607.382
player1315,1,20,101003010,-9653.3,3858.76
player1316,1,1,100004010,14820,15759
player1317,1,4,100002010,6890.36,-10755.9
player1318,1,24,101003020,3519.61,-2649.62
player1319,1,1,100004010,-901.065,-5007.95
player1320,1,1,100004010,2281,-5976.72
player1321,2,1,100004010,13290,-1170
player1322,1,1,100004010,13290,-1170
player1323,2,1,100004010,13290,-1170
player1324,1,1,100004010,13290,-1170
player1325,1,2,100004010,10101.9,3073.53
player1326,2,1,100004010,13290,-1170
player1327,1,2,101003010,-7106.02,-5530
player1328,3,180,105001010,4692,4275
player1329,2,145,105002010,-10990.6,3904.29
player1330,2,1,100004010,13290,-1170
player1331,1,1,100004010,13290,-1170
player1332,4,1,100004010,13290,-1170
player1333,2,1,100004010,13290,-1170
player1334,2,2,100004020,-5920.78,9986.5
player1335,1,1,100004010,13290,-1170
player1336,3,180,105001020,7271.23,-9015.37
player1337,1,1,100004010,13290,-1170
player1338,4,1,100004010,13290,-1170
player1339,4,1,100004010,13290,-1170
player1340,1,1,100004010,12716,-249.104
player1341,4,1,100004010,13290,-1170
player1342,1,1,100004010,12250,-453
player1343,2,1,100004010,9436.89,-1059.12
player1344,3,2,100004020,-4356.72,8163.62
player1345,2,120,104004040,2617.09,11045.6
player1346,2,1,100004010,12168.1,-374.457
player1347,2,10,100002020,145.774,4511.91
player1348,3,1,100004010,-10324.7,3443.94
player1349,1,1,100004010,13290,-1170
player1350,3,1,100004010,13290,-1170
player1351,5,1,100004010,13290,-1170
player1352,2,2,100004010,9163.51,4460
player1353,1,1,100004010,13290,-1170
player1354,1,1,100004010,13290,-1170
player1355,4,1,100004010,13290,-1170
player1356,5,1,100004010,13290,-1170
player1357,5,1,100004010,13290,-1170
player1358,3,2,101003040,8556.03,-430.647
player1359,1,2,100004020,-4349.23,8429.93
player1360,1,2,100004020,-6661.91,10230.1
player1361,1,1,100004010,12399.2,-591.657
player1362,1,1,101003010,-7106.02,-5530
player1363,3,2,100004020,-2035.56,9081.05
player1364,3,2,100004020,3266.42,11700.4
player1365,2,120,104004050,5223.89,12758.9
player1366,1,2,100004020,-7232.75,10224.3
player1367,3,1,101001010,-1851.58,-2940.56
player1368,2,30,100004020,-7611.68,9889.15
player1369,1,50,103003010,-16551.5,-809.966
player1370,2,130,101004010,4759.94,8654.62
player1371,3,80,102005020,804.949,389.739
player1372,3,1,100004010,-962.933,-5554.15
player1373,2,120,105002070,-6080.66,-14966.7
player1374,3,3,100002010,6707.56,-11181.9
player1375,2,100,104004040,2617.09,11045.6
player1376,3,100,104004040,1271.32,10604.5
player1377,2,100,103003050,-764.841,3393.22
player1378,2,75,104003010,588.581,640.633
player1379,1,150,104003010,-1455,632
player1380,2,75,104003010,1250,200
player1381,2,110,105002020,-5000,2110
player1382,1,150,200022070,-3184.48,2456.52
player1383,3,110,104004040,-5494.87,-11963.5
player1384,2,125,105002070,-11281.5,-4721.86
player1385,3,120,104004100,7382.88,-12552
player1386,2,100,104004060,-2319.85,2198.53
player1387,1,120,101005010,6956,-5333.12
player1388,1,100,104004100,6534,-11487
player1389,2,120,104004050,-6087,11457
player1390,4,15,100004010,-9376.64,3602
player1391,5,3,100004010,12250,-453
player1392,3,1,100004010,12250,-453
